40;0;res/editor.xcf?fb_file
19;0;res/editor.xcf?fb_folder
14;0;res/editor.xcf?ic_brush
18;0;res/editor.xcf?ic_select
16;0;res/editor.xcf?ie_button
26;1;res/editor.xcf?ie_button;0,0,1,1,0,0;1,0,17,1,0,0;18,0,1,1,0,0;18,1,1,8,0,0;18,9,1,1,0,0;1,9,17,1,0,0;0,9,1,1,0,0;0,1,1,8,0,0;1,1,17,8,0,0
9;0;res/editor.xcf?ie_button_pr
10;1;res/editor.xcf?ie_button_pr;0,0,1,1,0,0;1,0,17,1,0,0;18,0,1,1,0,0;18,1,1,8,0,0;18,9,1,1,0,0;1,9,17,1,0,0;0,9,1,1,0,0;0,1,1,8,0,0;1,1,17,8,0,0
27;0;res/editor.xcf?ie_icon_add
36;0;res/editor.xcf?ie_icon_trash
38;0;res/editor.xcf?ie_instr_floor
32;0;res/editor.xcf?ie_instr_wall
23;0;res/editor.xcf?ie_items_bgr
35;0;res/editor.xcf?ie_items_left
34;0;res/editor.xcf?ie_items_right
11;0;res/editor.xcf?ie_menu_bgr
12;0;res/editor.xcf?ie_panel
21;1;res/editor.xcf?ie_panel;0,0,2,2,0,0;2,0,22,2,0,0;24,0,4,2,0,0;24,2,4,21,0,0;24,23,4,4,0,0;2,23,22,4,0,0;0,23,2,4,0,0;0,2,2,21,0,0;2,2,22,21,0,0
25;0;res/editor.xcf?ie_search_bgr
17;0;res/editor.xcf?ie_search_cancel
15;0;res/editor.xcf?ie_select_bgr
31;0;res/editor.xcf?ie_select_left
24;0;res/editor.xcf?ie_status_left
28;0;res/editor.xcf?ie_tab_button_0
29;0;res/editor.xcf?ie_tab_button_1
30;0;res/editor.xcf?ie_tab_button_2
33;0;res/editor.xcf?ie_tab_button_3
20;0;res/editor.xcf?ie_tab_button_bgr
13;0;res/editor.xcf?ie_tab_button_pressed
22;0;res/editor.xcf?ie_tabs_bgr
37;0;res/editor.xcf?ie_tabs_left
41;0;res/editor.xcf?tb_bgr
70;0;res/iso/particles/arrow.png
71;1;res/iso/particles/arrow.png;1,2,8,4,0,0;9,0,1,6,0,0;10,2,8,4,7,0;10,6,9,1,8,0;10,7,8,4,7,3;9,7,1,6,0,5;1,7,8,4,0,3;0,6,9,1,0,0;1,15,8,4,0,0;9,13,1,6,0,0;10,15,8,4,7,0;10,19,9,1,8,0;10,20,8,4,7,3;9,20,1,6,0,5;1,20,8,4,0,3;0,19,9,1,0,0
217;0;res/iso.xcf?anchor
101;0;res/iso.xcf?attack_back
90;0;res/iso.xcf?attack_front
244;0;res/iso.xcf?Axis
95;0;res/iso.xcf?Balk1
94;0;res/iso.xcf?Balk2
93;0;res/iso.xcf?Balk3
92;0;res/iso.xcf?Balk4
247;0;res/iso.xcf?Barrel
155;0;res/iso.xcf?bgr
175;0;res/iso.xcf?biganchors
124;0;res/iso.xcf?BigGrass-0-0
125;0;res/iso.xcf?BigGrass-0-1
190;0;res/iso.xcf?BigTree-0-0
189;0;res/iso.xcf?BigTree-0-1
73;0;res/iso.xcf?BigTree-L2-0-0
79;0;res/iso.xcf?BigTree-L2-0-1
76;0;res/iso.xcf?BigTree-L2-0-2
227;0;res/iso.xcf?BlueBrick-0-0
243;0;res/iso.xcf?BlueBrick-1-0
183;0;res/iso.xcf?BlueBrick-2-0
115;0;res/iso.xcf?Bonfire
231;0;res/iso.xcf?Box
86;0;res/iso.xcf?Build-0-0
87;0;res/iso.xcf?Build-0-1
83;0;res/iso.xcf?Build-0-2
85;0;res/iso.xcf?Build-0-3
81;0;res/iso.xcf?Build-0-4
82;0;res/iso.xcf?Build-0-5
77;0;res/iso.xcf?Build-0-6
80;0;res/iso.xcf?Build-0-7
74;0;res/iso.xcf?Build-0-8
112;0;res/iso.xcf?Cabinet-0-0
111;0;res/iso.xcf?Cabinet-0-1
163;0;res/iso.xcf?Candle
185;0;res/iso.xcf?Candle-f0-d5
162;0;res/iso.xcf?Candle-f1-d5
114;0;res/iso.xcf?Candle-f2-d5
99;0;res/iso.xcf?Candle-f3-d5
196;0;res/iso.xcf?CartMarker
145;0;res/iso.xcf?CartPlatform
110;0;res/iso.xcf?CartWall-0-0
109;0;res/iso.xcf?CartWall-0-1
129;0;res/iso.xcf?CartWall-1-0
130;0;res/iso.xcf?CartWall-1-1
116;0;res/iso.xcf?CartWheel
194;0;res/iso.xcf?CaveFloor-0-0
195;0;res/iso.xcf?CaveFloor-0-1
197;0;res/iso.xcf?CaveFloor-0-2
192;0;res/iso.xcf?CaveFloor-0-3
233;0;res/iso.xcf?CaveStairs
221;0;res/iso.xcf?CaveStairs2
84;0;res/iso.xcf?CaveWall-0-0
88;0;res/iso.xcf?CaveWall-0-1
241;0;res/iso.xcf?CaveWall-1-0
240;0;res/iso.xcf?CaveWall-1-1
203;0;res/iso.xcf?CaveWall-2
208;0;res/iso.xcf?cell
100;0;res/iso.xcf?cell-0
103;0;res/iso.xcf?cell-1
102;0;res/iso.xcf?cell-2
174;0;res/iso.xcf?cellgrid
144;0;res/iso.xcf?CellSelect
133;0;res/iso.xcf?CellSelect-0-1
191;0;res/iso.xcf?cursor_floor
134;0;res/iso.xcf?cursor_trace
214;0;res/iso.xcf?cursor_wall
224;0;res/iso.xcf?Dirt-0-0
223;0;res/iso.xcf?Dirt-0-1
108;0;res/iso.xcf?Door-0-0
127;0;res/iso.xcf?Door-1-0
237;0;res/iso.xcf?Door-2-0
169;0;res/iso.xcf?Filler
204;0;res/iso.xcf?Fireplace
122;0;res/iso.xcf?Fireplace-f0-d10
160;0;res/iso.xcf?Fireplace-f1-d10
136;0;res/iso.xcf?Fireplace-f2-d10
218;0;res/iso.xcf?FrameL
123;0;res/iso.xcf?FrameL2
205;0;res/iso.xcf?FrameR
200;0;res/iso.xcf?FrameR2
139;0;res/iso.xcf?Gobelen-0-0
141;0;res/iso.xcf?Gobelen-0-1
143;0;res/iso.xcf?Gobelen-0-2
104;0;res/iso.xcf?Grass-0-0
105;0;res/iso.xcf?Grass-0-1
106;0;res/iso.xcf?Grass-0-2
177;0;res/iso.xcf?Image
137;0;res/iso.xcf?pal
120;0;res/iso.xcf?Planks-0-0
97;0;res/iso.xcf?Planks-1-0
246;0;res/iso.xcf?Planks-2-0
142;0;res/iso.xcf?Player1
140;0;res/iso.xcf?Player2
212;0;res/iso.xcf?PlWnd-0-0
225;0;res/iso.xcf?PlWnd-1-0
242;0;res/iso.xcf?PlWnd-2-0
158;0;res/iso.xcf?rect_back
78;0;res/iso.xcf?rect_front
238;0;res/iso.xcf?RedBrick-0-0
219;0;res/iso.xcf?RedBrick-1-0
207;0;res/iso.xcf?RedBrick-2-0
182;0;res/iso.xcf?RedWood-0-0
184;0;res/iso.xcf?RedWood-0-1
186;0;res/iso.xcf?RedWood-0-2
209;0;res/iso.xcf?RedWood-1-0
210;0;res/iso.xcf?RedWood-1-1
211;0;res/iso.xcf?RedWood-1-2
135;0;res/iso.xcf?RedWood-2-0
176;0;res/iso.xcf?RedWoodWnd-0-0
206;0;res/iso.xcf?RedWoodWnd-1-0
222;0;res/iso.xcf?RedWoodWnd-2-0
168;0;res/iso.xcf?RockFloor-0-0
171;0;res/iso.xcf?RockFloor-0-1
173;0;res/iso.xcf?RockFloor-0-2
72;0;res/iso.xcf?Roof2-0-0
255;0;res/iso.xcf?Roof2-2-0-0
121;0;res/iso.xcf?Roof-0-0
98;0;res/iso.xcf?Roof-1-0
248;0;res/iso.xcf?Roof-2-0
232;0;res/iso.xcf?Roof-3-0
113;0;res/iso.xcf?RoofFloor-0-0
229;0;res/iso.xcf?Sand-0-0
213;0;res/iso.xcf?Sea-0-0
188;0;res/iso.xcf?sel_back
228;0;res/iso.xcf?sel_front
254;0;res/iso.xcf?ShadowWall-0
253;0;res/iso.xcf?ShadowWall-1
252;0;res/iso.xcf?ShadowWall-2
239;0;res/iso.xcf?SmallTorh
230;0;res/iso.xcf?SmallTorh-f0-d10
193;0;res/iso.xcf?SmallTorh-f1-d10
138;0;res/iso.xcf?SmallTorh-f2-d10
75;0;res/iso.xcf?SmallTorh-f3-d10
131;0;res/iso.xcf?SmallTree2-0-0
201;0;res/iso.xcf?SmallTree-0-0
198;0;res/iso.xcf?SmallTree-0-1
187;0;res/iso.xcf?SmallTree-L2-0-0
235;0;res/iso.xcf?Stairs2-0
234;0;res/iso.xcf?Stairs2-1
118;0;res/iso.xcf?Stairs-0
117;0;res/iso.xcf?Stairs-1
91;0;res/iso.xcf?Test2x1
226;0;res/iso.xcf?Test2x1_mirr
152;0;res/iso.xcf?Test2x1small
89;0;res/iso.xcf?Test2x2
180;0;res/iso.xcf?Torch
167;0;res/iso.xcf?WhiteWood-0-0
170;0;res/iso.xcf?WhiteWood-0-1
172;0;res/iso.xcf?WhiteWood-0-2
151;0;res/iso.xcf?WhiteWood-1-0
154;0;res/iso.xcf?WhiteWood-1-1
153;0;res/iso.xcf?WhiteWood-1-2
128;0;res/iso.xcf?WhiteWood-2-0
107;0;res/iso.xcf?WhWoodWnd-0-0
126;0;res/iso.xcf?WhWoodWnd-1-0
236;0;res/iso.xcf?WhWoodWnd-2-0
220;0;res/iso.xcf?Window1
251;0;res/iso.xcf?WoodFloor-0-0
249;0;res/iso.xcf?WoodFloor-0-1
250;0;res/iso.xcf?WoodFloor-0-2
256;0;res/iso.xcf?WoodFloor-0-3
161;0;res/iso.xcf?WoodLight-0-0
165;0;res/iso.xcf?WoodLight-0-1
164;0;res/iso.xcf?WoodLight-0-2
166;0;res/iso.xcf?WoodLight-0-3
148;0;res/iso.xcf?WoodLight-1-0
147;0;res/iso.xcf?WoodLight-1-1
150;0;res/iso.xcf?WoodLight-1-2
149;0;res/iso.xcf?WoodLight-1-3
216;0;res/iso.xcf?WoodLight-2-0
199;0;res/iso.xcf?WoodLWnd-0-0
215;0;res/iso.xcf?WoodLWnd-1-0
146;0;res/iso.xcf?WoodLWnd-2-0
178;0;res/iso.xcf?WoodWall-0-0
181;0;res/iso.xcf?WoodWall-0-1
179;0;res/iso.xcf?WoodWall-0-2
157;0;res/iso.xcf?WoodWall-1-0
156;0;res/iso.xcf?WoodWall-1-1
202;0;res/iso.xcf?WoodWall-1-2
132;0;res/iso.xcf?WoodWall-2-0
245;0;res/iso.xcf?WoodWallWnd-0-0
96;0;res/iso.xcf?WoodWallWnd-1-0
119;0;res/iso.xcf?WoodWallWnd-2-0
159;0;res/iso.xcf?WorkTable
274;3;res/maps/guild/b0_0.map
275;3;res/maps/guild/b2_0.map
276;3;res/maps/guild/b2_1.map
277;3;res/maps/guild/b2_2.map
291;3;res/maps/houseW[]/0.map
292;3;res/maps/houseW[]/1.map
293;3;res/maps/houseW[]/2.map
282;3;res/maps/houseN[]/0.map
283;3;res/maps/houseN[]/1.map
284;3;res/maps/houseN[]/2.map
286;3;res/maps/houseS[]/0.map
287;3;res/maps/houseS[]/1.map
288;3;res/maps/houseS[]/2.map
289;3;res/maps/houseS[]/3.map
278;3;res/maps/houseE[]/0.map
279;3;res/maps/houseE[]/1.map
280;3;res/maps/houseE[]/2.map
272;3;res/maps/123.map
273;3;res/maps/cart.map
295;3;res/maps/scenario.map
296;3;res/maps/temp.map
297;3;res/maps/test.map
301;0;res/portraits/conrad.png
302;0;res/portraits/paulson.png
51;0;res/glyphs.xcf?bigmount_0
52;0;res/glyphs.xcf?bigmount_1
53;0;res/glyphs.xcf?bigmount_2
54;0;res/glyphs.xcf?bigmount_3
55;0;res/glyphs.xcf?bigmount_4
63;0;res/glyphs.xcf?mount_0
64;0;res/glyphs.xcf?mount_1
65;0;res/glyphs.xcf?mount_2
66;0;res/glyphs.xcf?mount_3
50;0;res/glyphs.xcf?sea_0
57;0;res/glyphs.xcf?tree_0
58;0;res/glyphs.xcf?tree_1
59;0;res/glyphs.xcf?tree_2
60;0;res/glyphs.xcf?tree_3
61;0;res/glyphs.xcf?tree_4
553;0;res/units/body0.xcf?anchor
519;0;res/units/body0.xcf?body0-0-0
520;0;res/units/body0.xcf?body0-0-1
549;0;res/units/body0.xcf?body0-0-1-f0-d5
533;0;res/units/body0.xcf?body0-0-1-f1-d5
517;0;res/units/body0.xcf?body0-0-1-f2-d5
500;0;res/units/body0.xcf?body0-0-1-f3-d5
546;0;res/units/body0.xcf?body0-0-1-f4-d5
532;0;res/units/body0.xcf?body0-0-1-f5-d5
523;0;res/units/body0.xcf?body0-0-2
548;0;res/units/body0.xcf?body0-1-0
550;0;res/units/body0.xcf?body0-1-1
518;0;res/units/body0.xcf?body0-1-1-f0-d5
501;0;res/units/body0.xcf?body0-1-1-f1-d5
547;0;res/units/body0.xcf?body0-1-1-f2-d5
530;0;res/units/body0.xcf?body0-1-1-f3-d5
511;0;res/units/body0.xcf?body0-1-1-f4-d5
495;0;res/units/body0.xcf?body0-1-1-f5-d5
522;0;res/units/body0.xcf?body0-2-0
524;0;res/units/body0.xcf?body0-2-1
525;0;res/units/body0.xcf?body0-2-1-f0-d10
514;0;res/units/body0.xcf?body0-2-1-f1-d10
507;0;res/units/body0.xcf?body0-2-1-f2-d10
497;0;res/units/body0.xcf?body0-2-1-f3-d10
551;0;res/units/body0.xcf?body0-3-0
539;0;res/units/body0.xcf?body0-3-1
510;0;res/units/body0.xcf?body0-3-1-f0-d5
496;0;res/units/body0.xcf?body0-3-1-f1-d5
538;0;res/units/body0.xcf?body0-3-1-f2-d5
557;0;res/units/body0.xcf?body0-3-1-f3-d5
505;0;res/units/body0.xcf?body0-3-1-f4-d5
529;0;res/units/body0.xcf?body0-3-1-f5-d5
509;0;res/units/body0.xcf?body0-4-0
512;0;res/units/body0.xcf?body0-4-1
515;0;res/units/body0.xcf?body0-4-1-f0-d5
556;0;res/units/body0.xcf?body0-4-1-f1-d5
506;0;res/units/body0.xcf?body0-4-1-f2-d5
528;0;res/units/body0.xcf?body0-4-1-f3-d5
537;0;res/units/body0.xcf?body0-4-1-f4-d5
558;0;res/units/body0.xcf?body0-4-1-f5-d5
540;0;res/units/body0.xcf?body0-5-0
541;0;res/units/body0.xcf?body0-5-1
545;0;res/units/body0.xcf?body0-5-1-f0-d5
498;0;res/units/body0.xcf?body0-5-1-f1-d5
536;0;res/units/body0.xcf?body0-5-1-f2-d5
554;0;res/units/body0.xcf?body0-5-1-f3-d5
504;0;res/units/body0.xcf?body0-5-1-f4-d5
527;0;res/units/body0.xcf?body0-5-1-f5-d5
513;0;res/units/body0.xcf?body0-6-0
516;0;res/units/body0.xcf?body0-6-1
508;0;res/units/body0.xcf?body0-6-1-f0-d10
499;0;res/units/body0.xcf?body0-6-1-f1-d10
559;0;res/units/body0.xcf?body0-6-1-f2-d10
542;0;res/units/body0.xcf?body0-6-1-f3-d10
543;0;res/units/body0.xcf?body0-7-0
544;0;res/units/body0.xcf?body0-7-1
552;0;res/units/body0.xcf?body0-7-1-f0-d5
503;0;res/units/body0.xcf?body0-7-1-f1-d5
526;0;res/units/body0.xcf?body0-7-1-f2-d5
535;0;res/units/body0.xcf?body0-7-1-f3-d5
502;0;res/units/body0.xcf?body0-7-1-f4-d5
521;0;res/units/body0.xcf?body0-7-1-f5-d5
534;0;res/units/body0.xcf?cell
555;0;res/units/body0.xcf?FrameL
531;0;res/units/body0.xcf?FrameR
702;0;res/units/human_leather.xcf?anchor
642;0;res/units/human_leather.xcf?attack-0-f0
640;0;res/units/human_leather.xcf?attack-0-f1
639;0;res/units/human_leather.xcf?attack-0-f2
638;0;res/units/human_leather.xcf?attack-0-f3
627;0;res/units/human_leather.xcf?attack-0-f4
715;0;res/units/human_leather.xcf?attack-0-init
704;0;res/units/human_leather.xcf?attack-1-f0
711;0;res/units/human_leather.xcf?attack-1-f1
709;0;res/units/human_leather.xcf?attack-1-f2
708;0;res/units/human_leather.xcf?attack-1-f3
706;0;res/units/human_leather.xcf?attack-1-f4
735;0;res/units/human_leather.xcf?attack-1-init
672;0;res/units/human_leather.xcf?attack-2-f0
673;0;res/units/human_leather.xcf?attack-2-f1
664;0;res/units/human_leather.xcf?attack-2-f2
665;0;res/units/human_leather.xcf?attack-2-f3
667;0;res/units/human_leather.xcf?attack-2-f4
690;0;res/units/human_leather.xcf?attack-2-init
734;0;res/units/human_leather.xcf?attack-3-f0
736;0;res/units/human_leather.xcf?attack-3-f1
738;0;res/units/human_leather.xcf?attack-3-f2
731;0;res/units/human_leather.xcf?attack-3-f3
732;0;res/units/human_leather.xcf?attack-3-f4
632;0;res/units/human_leather.xcf?attack-3-init
595;0;res/units/human_leather.xcf?attack-4-f0
594;0;res/units/human_leather.xcf?attack-4-f1
597;0;res/units/human_leather.xcf?attack-4-f2
596;0;res/units/human_leather.xcf?attack-4-f3
591;0;res/units/human_leather.xcf?attack-4-f4
675;0;res/units/human_leather.xcf?attack-4-init
651;0;res/units/human_leather.xcf?attack-5-f0
655;0;res/units/human_leather.xcf?attack-5-f1
654;0;res/units/human_leather.xcf?attack-5-f2
658;0;res/units/human_leather.xcf?attack-5-f3
657;0;res/units/human_leather.xcf?attack-5-f4
561;0;res/units/human_leather.xcf?attack-5-init
630;0;res/units/human_leather.xcf?bgr
569;0;res/units/human_leather.xcf?bracers_blue
587;0;res/units/human_leather.xcf?bracers_brown
648;0;res/units/human_leather.xcf?bracers_cyan
683;0;res/units/human_leather.xcf?bracers_original
730;0;res/units/human_leather.xcf?bracers_pal
726;0;res/units/human_leather.xcf?bracers_red
566;0;res/units/human_leather.xcf?bracers_yellow
689;0;res/units/human_leather.xcf?cell
705;0;res/units/human_leather.xcf?FrameL
686;0;res/units/human_leather.xcf?FrameR
603;0;res/units/human_leather.xcf?green_pal
647;0;res/units/human_leather.xcf?hair_pal
677;0;res/units/human_leather.xcf?hairs_black
608;0;res/units/human_leather.xcf?hairs_brown
701;0;res/units/human_leather.xcf?hairs_original
599;0;res/units/human_leather.xcf?hairs_white
614;0;res/units/human_leather.xcf?hairs_yellow
666;0;res/units/human_leather.xcf?human_leather-0-0
668;0;res/units/human_leather.xcf?human_leather-0-1
623;0;res/units/human_leather.xcf?human_leather-0-15
577;0;res/units/human_leather.xcf?human_leather-0-1-f0-d10
694;0;res/units/human_leather.xcf?human_leather-0-1-f1-d10
739;0;res/units/human_leather.xcf?human_leather-0-1-f2-d10
606;0;res/units/human_leather.xcf?human_leather-0-1-f3-d10
644;0;res/units/human_leather.xcf?human_leather-0-1-f4-d10
661;0;res/units/human_leather.xcf?human_leather-0-1-f5-d10
670;0;res/units/human_leather.xcf?human_leather-0-2
700;0;res/units/human_leather.xcf?human_leather-0-2-f0-d10
628;0;res/units/human_leather.xcf?human_leather-0-2-f1-d10
583;0;res/units/human_leather.xcf?human_leather-0-2-f2-d10
682;0;res/units/human_leather.xcf?human_leather-0-2-f3-d10
724;0;res/units/human_leather.xcf?human_leather-0-2-f4-d10
635;0;res/units/human_leather.xcf?human_leather-1-0
637;0;res/units/human_leather.xcf?human_leather-1-1
728;0;res/units/human_leather.xcf?human_leather-1-1-f0-d10
579;0;res/units/human_leather.xcf?human_leather-1-1-f1-d10
624;0;res/units/human_leather.xcf?human_leather-1-1-f2-d10
671;0;res/units/human_leather.xcf?human_leather-1-1-f3-d10
716;0;res/units/human_leather.xcf?human_leather-1-1-f4-d10
645;0;res/units/human_leather.xcf?human_leather-1-2
649;0;res/units/human_leather.xcf?human_leather-1-2-f0-d10
707;0;res/units/human_leather.xcf?human_leather-1-2-f1-d10
717;0;res/units/human_leather.xcf?human_leather-1-2-f2-d10
568;0;res/units/human_leather.xcf?human_leather-1-2-f3-d10
611;0;res/units/human_leather.xcf?human_leather-1-2-f4-d10
613;0;res/units/human_leather.xcf?human_leather-2-0
615;0;res/units/human_leather.xcf?human_leather-2-1
607;0;res/units/human_leather.xcf?human_leather-2-1-f0-d5
567;0;res/units/human_leather.xcf?human_leather-2-1-f1-d5
618;0;res/units/human_leather.xcf?human_leather-2-1-f2-d10
573;0;res/units/human_leather.xcf?human_leather-2-1-f3-d10
741;0;res/units/human_leather.xcf?human_leather-2-1-f4-d10
617;0;res/units/human_leather.xcf?human_leather-2-2
713;0;res/units/human_leather.xcf?human_leather-2-2-f0-d10
563;0;res/units/human_leather.xcf?human_leather-2-2-f1-d10
698;0;res/units/human_leather.xcf?human_leather-2-2-f2-d10
652;0;res/units/human_leather.xcf?human_leather-2-2-f3-d10
590;0;res/units/human_leather.xcf?human_leather-2-2-f4-d10
600;0;res/units/human_leather.xcf?human_leather-3-0
601;0;res/units/human_leather.xcf?human_leather-3-1
653;0;res/units/human_leather.xcf?human_leather-3-1-f0-d10
584;0;res/units/human_leather.xcf?human_leather-3-1-f1-d10
744;0;res/units/human_leather.xcf?human_leather-3-1-f2-d10
729;0;res/units/human_leather.xcf?human_leather-3-1-f3-d10
580;0;res/units/human_leather.xcf?human_leather-3-1-f4-d10
602;0;res/units/human_leather.xcf?human_leather-3-2
733;0;res/units/human_leather.xcf?human_leather-3-2-f0-d10
688;0;res/units/human_leather.xcf?human_leather-3-2-f1-d10
641;0;res/units/human_leather.xcf?human_leather-3-2-f2-d10
604;0;res/units/human_leather.xcf?human_leather-3-2-f3-d10
745;0;res/units/human_leather.xcf?human_leather-3-2-f4-d10
571;0;res/units/human_leather.xcf?human_leather-4-0
572;0;res/units/human_leather.xcf?human_leather-4-1
692;0;res/units/human_leather.xcf?human_leather-4-1-f0-d10
747;0;res/units/human_leather.xcf?human_leather-4-1-f1-d10
605;0;res/units/human_leather.xcf?human_leather-4-1-f2-d10
610;0;res/units/human_leather.xcf?human_leather-4-1-f3-d10
663;0;res/units/human_leather.xcf?human_leather-4-1-f4-d10
574;0;res/units/human_leather.xcf?human_leather-4-2
575;0;res/units/human_leather.xcf?human_leather-4-2-f0-d10
616;0;res/units/human_leather.xcf?human_leather-4-2-f1-d10
681;0;res/units/human_leather.xcf?human_leather-4-2-f2-d10
714;0;res/units/human_leather.xcf?human_leather-4-2-f3-d10
565;0;res/units/human_leather.xcf?human_leather-4-2-f4-d10
746;0;res/units/human_leather.xcf?human_leather-5-2
659;0;res/units/human_leather.xcf?human_leather-5-2-f0-d10
720;0;res/units/human_leather.xcf?human_leather-5-2-f1-d10
576;0;res/units/human_leather.xcf?human_leather-5-2-f2-d10
625;0;res/units/human_leather.xcf?human_leather-5-2-f3-d10
631;0;res/units/human_leather.xcf?human_leather-5-2-f4-d10
725;0;res/units/human_leather.xcf?human_leather-6-2
751;0;res/units/human_leather.xcf?human_leather-6-2-f0-d10
687;0;res/units/human_leather.xcf?human_leather-6-2-f1-d10
636;0;res/units/human_leather.xcf?human_leather-6-2-f2-d10
589;0;res/units/human_leather.xcf?human_leather-6-2-f3-d10
723;0;res/units/human_leather.xcf?human_leather-6-2-f4-d10
581;0;res/units/human_leather.xcf?leather_pal
646;0;res/units/human_leather.xcf?other_pal
718;0;res/units/human_leather.xcf?skin_dark
749;0;res/units/human_leather.xcf?skin_light
676;0;res/units/human_leather.xcf?skin_lighter
696;0;res/units/human_leather.xcf?skin_original
660;0;res/units/human_leather.xcf?skin_pal
598;0;res/units/human_leather.xcf?sword-0-0
592;0;res/units/human_leather.xcf?sword-0-2
674;0;res/units/human_leather.xcf?sword-0-2-f0-d10
737;0;res/units/human_leather.xcf?sword-0-2-f1-d10
586;0;res/units/human_leather.xcf?sword-0-2-f2-d10
634;0;res/units/human_leather.xcf?sword-0-2-f3-d10
699;0;res/units/human_leather.xcf?sword-0-2-f4-d10
721;0;res/units/human_leather.xcf?sword-1-0
722;0;res/units/human_leather.xcf?sword-1-2
588;0;res/units/human_leather.xcf?sword-1-2-f0-d10
678;0;res/units/human_leather.xcf?sword-1-2-f1-d10
619;0;res/units/human_leather.xcf?sword-1-2-f2-d10
578;0;res/units/human_leather.xcf?sword-1-2-f3-d10
712;0;res/units/human_leather.xcf?sword-1-2-f4-d10
742;0;res/units/human_leather.xcf?sword-2-0
743;0;res/units/human_leather.xcf?sword-2-2
656;0;res/units/human_leather.xcf?sword-2-2-f0-d10
560;0;res/units/human_leather.xcf?sword-2-2-f1-d10
719;0;res/units/human_leather.xcf?sword-2-2-f2-d10
680;0;res/units/human_leather.xcf?sword-2-2-f3-d10
626;0;res/units/human_leather.xcf?sword-2-2-f4-d10
669;0;res/units/human_leather.xcf?sword-3-0
662;0;res/units/human_leather.xcf?sword-3-2
697;0;res/units/human_leather.xcf?sword-3-2-f0-d10
750;0;res/units/human_leather.xcf?sword-3-2-f1-d10
582;0;res/units/human_leather.xcf?sword-3-2-f2-d10
629;0;res/units/human_leather.xcf?sword-3-2-f3-d10
691;0;res/units/human_leather.xcf?sword-3-2-f4-d10
695;0;res/units/human_leather.xcf?sword-4-0
693;0;res/units/human_leather.xcf?sword-4-2
740;0;res/units/human_leather.xcf?sword-4-2-f0-d10
593;0;res/units/human_leather.xcf?sword-4-2-f1-d10
650;0;res/units/human_leather.xcf?sword-4-2-f2-d10
710;0;res/units/human_leather.xcf?sword-4-2-f3-d10
562;0;res/units/human_leather.xcf?sword-4-2-f4-d10
622;0;res/units/human_leather.xcf?sword-5
612;0;res/units/human_leather.xcf?sword-5-2
685;0;res/units/human_leather.xcf?sword-5-2-f0-d10
609;0;res/units/human_leather.xcf?sword-5-2-f1-d10
564;0;res/units/human_leather.xcf?sword-5-2-f2-d10
748;0;res/units/human_leather.xcf?sword-5-2-f3-d10
703;0;res/units/human_leather.xcf?sword-5-2-f4-d10
620;0;res/units/human_leather.xcf?sword-6
633;0;res/units/human_leather.xcf?sword-6-2
570;0;res/units/human_leather.xcf?sword-6-2-f0-d10
727;0;res/units/human_leather.xcf?sword-6-2-f1-d10
684;0;res/units/human_leather.xcf?sword-6-2-f2-d10
585;0;res/units/human_leather.xcf?sword-6-2-f3-d10
643;0;res/units/human_leather.xcf?sword-6-2-f4-d10
621;0;res/units/human_leather.xcf?sword-7
679;0;res/units/human_leather.xcf?sword_pal
46;3;res/glsl/fnoise.glsl
47;3;res/glsl/fnone.glsl
48;3;res/glsl/fragment.glsl
49;3;res/glsl/vertex.glsl
3;0;res/cursors.xcf?default
5;0;res/cursors.xcf?anchor
4;0;res/cursors.xcf?attack
8;0;res/cursors.xcf?lens
7;0;res/cursors.xcf?move_x
2;0;res/cursors.xcf?move_xy
6;0;res/cursors.xcf?move_y
307;0;res/slots.xcf?anchor
312;0;res/slots.xcf?item_slot_0
313;0;res/slots.xcf?item_slot_1
311;0;res/slots.xcf?item_slot_2
310;0;res/slots.xcf?item_slot_3
309;0;res/slots.xcf?item_slot_4
308;0;res/slots.xcf?item_slot_5
306;0;res/slots.xcf?item_slot_6
305;0;res/slots.xcf?item_slot_7
304;0;res/slots.xcf?item_slot_8
303;0;res/slots.xcf?item_slot_9
298;3;res/music/GAME6.ogg
299;3;res/music/GAME8.ogg
315;3;res/sounds/door_close.wav
316;3;res/sounds/door_open.wav
317;3;res/sounds/steps_dirt.wav
318;3;res/sounds/steps_grass.wav
319;3;res/sounds/steps_rock.wav
320;3;res/sounds/steps_wood.wav
321;3;res/sounds/sword_whip.wav
481;0;res/ui.xcf?ammunition
323;0;res/ui.xcf?ammunition_bgr
403;0;res/ui.xcf?blue_pb
347;0;res/ui.xcf?blue_pb-f0-d5
356;0;res/ui.xcf?blue_pb-f1-d5
408;0;res/ui.xcf?blue_pb-f2-d5
421;0;res/ui.xcf?blue_pb-f3-d5
470;0;res/ui.xcf?blue_pb-f4-d5
402;0;res/ui.xcf?bm_close
390;0;res/ui.xcf?book
381;0;res/ui.xcf?book_button
382;1;res/ui.xcf?book_button;0,0,1,1,0,0;1,0,48,1,0,0;49,0,1,1,0,0;49,1,1,11,0,0;49,12,1,1,0,0;1,12,48,1,0,0;0,12,1,1,0,0;0,1,1,11,0,0;1,1,48,11,0,0
420;0;res/ui.xcf?book_button_pr
480;1;res/ui.xcf?book_button_pr;0,0,1,1,0,0;1,0,48,1,0,0;49,0,1,1,0,0;49,1,1,11,0,0;49,12,1,1,0,0;1,12,48,1,0,0;0,12,1,1,0,0;0,1,1,11,0,0;1,1,48,11,0,0
466;0;res/ui.xcf?book_descr_bottom
444;0;res/ui.xcf?book_map_rect
342;0;res/ui.xcf?bt_add_squad
419;0;res/ui.xcf?bt_add_squad_pr
473;0;res/ui.xcf?bt_back
461;0;res/ui.xcf?bt_blue_arms
423;0;res/ui.xcf?bt_blue_arms_pr
404;0;res/ui.xcf?bt_border_info
405;1;res/ui.xcf?bt_border_info;0,0,2,2,0,0;2,0,37,2,0,0;39,0,2,2,0,0;39,2,2,17,0,0;39,19,2,2,0,0;2,19,37,2,0,0;0,19,2,2,0,0;0,2,2,17,0,0;2,2,37,17,0,0
330;0;res/ui.xcf?bt_gem_add
426;0;res/ui.xcf?bt_gem_remove
361;0;res/ui.xcf?bt_igm
477;1;res/ui.xcf?bt_igm;0,0,2,2,0,0;2,0,26,2,0,0;28,0,2,2,0,0;28,2,2,11,0,0;28,13,2,2,0,0;2,13,26,2,0,0;0,13,2,2,0,0;0,2,2,11,0,0;2,2,26,11,0,0
410;0;res/ui.xcf?bt_igm_pr
429;1;res/ui.xcf?bt_igm_pr;0,0,2,2,0,0;2,0,26,2,0,0;28,0,2,2,0,0;28,2,2,11,0,0;28,13,2,2,0,0;2,13,26,2,0,0;0,13,2,2,0,0;0,2,2,11,0,0;2,2,26,11,0,0
491;0;res/ui.xcf?bt_info
447;0;res/ui.xcf?bt_info_close
392;0;res/ui.xcf?bt_info_close_pr
484;0;res/ui.xcf?bt_info_pr
352;0;res/ui.xcf?bt_info_squad
374;0;res/ui.xcf?bt_info_squad_pr
488;0;res/ui.xcf?bt_info_units
454;0;res/ui.xcf?bt_info_units_pr
417;0;res/ui.xcf?bt_mbox
418;1;res/ui.xcf?bt_mbox;0,0,1,1,0,0;1,0,27,1,0,0;28,0,2,1,0,0;28,1,2,9,0,0;28,10,2,2,0,0;1,10,27,2,0,0;0,10,1,2,0,0;0,1,1,9,0,0;1,1,27,9,0,0
471;0;res/ui.xcf?bt_mbox_pr
472;1;res/ui.xcf?bt_mbox_pr;0,0,2,2,0,0;2,0,27,2,0,0;29,0,1,2,0,0;29,2,1,9,0,0;29,11,1,1,0,0;2,11,27,1,0,0;0,11,2,1,0,0;0,2,2,9,0,0;2,2,27,9,0,0
377;0;res/ui.xcf?bt_menu
462;0;res/ui.xcf?bt_menu_pr
355;0;res/ui.xcf?bt_miss_action
482;0;res/ui.xcf?bt_miss_action_pr
456;0;res/ui.xcf?bt_next_g
458;0;res/ui.xcf?bt_next_g_pr
479;0;res/ui.xcf?bt_nud
430;0;res/ui.xcf?bt_paper_next
467;0;res/ui.xcf?bt_paper_next_pr
490;0;res/ui.xcf?bt_paper_prev
483;0;res/ui.xcf?bt_paper_prev_pr
394;0;res/ui.xcf?bt_prev_g
414;0;res/ui.xcf?bt_prev_g_pr
380;0;res/ui.xcf?bt_red_arms
388;0;res/ui.xcf?bt_red_arms_pr
424;0;res/ui.xcf?bt_remove_squad
422;0;res/ui.xcf?bt_remove_squad_pr
453;0;res/ui.xcf?bt_unit_work
344;0;res/ui.xcf?bubbles
434;0;res/ui.xcf?build_button_la
393;0;res/ui.xcf?buildinc_icon_bgr
486;0;res/ui.xcf?building_book_sel_bgr
413;0;res/ui.xcf?building_cancel
399;0;res/ui.xcf?building_card
464;0;res/ui.xcf?building_card_progr
329;0;res/ui.xcf?building_icon_1
328;0;res/ui.xcf?building_icon_2
333;0;res/ui.xcf?building_icon_3
332;0;res/ui.xcf?building_icon_4
335;0;res/ui.xcf?building_icon_5
334;0;res/ui.xcf?building_icon_6
325;0;res/ui.xcf?building_info
385;0;res/ui.xcf?building_ok
412;0;res/ui.xcf?cart
396;0;res/ui.xcf?cc_bgr
331;0;res/ui.xcf?cc_lens
391;0;res/ui.xcf?cc_right
354;0;res/ui.xcf?cc_squad
474;0;res/ui.xcf?city_top
489;0;res/ui.xcf?disabled_bgr
445;0;res/ui.xcf?event_build
363;0;res/ui.xcf?event_satan
368;0;res/ui.xcf?guild_card
358;0;res/ui.xcf?guild_pb_blue
366;0;res/ui.xcf?guild_pb_green
340;0;res/ui.xcf?horse
365;0;res/ui.xcf?hscroll_gray
440;0;res/ui.xcf?hscroll_gray_left
373;0;res/ui.xcf?hscroll_gray_left_pr
455;0;res/ui.xcf?hscroll_gray_pr
343;0;res/ui.xcf?hscroll_gray_right
364;0;res/ui.xcf?hscroll_gray_right_pr
446;0;res/ui.xcf?ic_anvil
338;0;res/ui.xcf?ic_book
487;0;res/ui.xcf?ic_bow
397;0;res/ui.xcf?ic_magic
432;0;res/ui.xcf?ic_miss_end
383;0;res/ui.xcf?ic_miss_exit
457;0;res/ui.xcf?ic_shield
349;0;res/ui.xcf?ic_squad_move
409;0;res/ui.xcf?ic_squad_stand
460;0;res/ui.xcf?ic_sword
345;0;res/ui.xcf?ic_unit_female
359;0;res/ui.xcf?ic_unit_male
401;0;res/ui.xcf?igm_panel
428;1;res/ui.xcf?igm_panel;0,0,3,3,0,0;3,0,20,3,0,0;23,0,6,3,0,0;23,3,6,19,0,0;23,22,6,6,0,0;3,22,20,6,0,0;0,22,3,6,0,0;0,3,3,19,0,0;3,3,20,19,0,0
468;0;res/ui.xcf?iteminfo_bgr
469;1;res/ui.xcf?iteminfo_bgr;0,0,6,6,0,0;6,0,75,6,0,0;81,0,6,6,0,0;81,6,6,55,0,0;81,61,6,6,0,0;6,61,75,6,0,0;0,61,6,6,0,0;0,6,6,55,0,0;6,6,75,55,0,0
351;0;res/ui.xcf?lvl_txt
371;0;res/ui.xcf?map_bgr
379;0;res/ui.xcf?mapbrd
475;1;res/ui.xcf?mapbrd;0,0,14,14,0,0;14,0,66,14,0,0;80,0,14,14,0,0;80,14,14,66,0,0;80,80,14,14,0,0;14,80,66,14,0,0;0,80,14,14,0,0;0,14,14,66,0,0;14,14,66,66,0,0
384;0;res/ui.xcf?mapbrd_hb
376;0;res/ui.xcf?mapbrd_ht
322;0;res/ui.xcf?mapbrd_lb
341;0;res/ui.xcf?mapbrd_lt
439;0;res/ui.xcf?mapbrd_rb
450;0;res/ui.xcf?mapbrd_rt
386;0;res/ui.xcf?mapbrd_vl
407;0;res/ui.xcf?mapbrd_vr
337;0;res/ui.xcf?marker_darkforces
360;0;res/ui.xcf?marker_squad
478;0;res/ui.xcf?mbox_frame
442;0;res/ui.xcf?miss_portrait_bgr
415;0;res/ui.xcf?msg_bgr
452;0;res/ui.xcf?msg_left
443;0;res/ui.xcf?msg_right
476;0;res/ui.xcf?paper
395;0;res/ui.xcf?pb_exp
339;0;res/ui.xcf?pb_hp
425;0;res/ui.xcf?pb_miss_bgr
465;0;res/ui.xcf?pb_miss_blue
451;0;res/ui.xcf?pb_miss_green
485;0;res/ui.xcf?pb_miss_red
438;0;res/ui.xcf?pb_mp
369;0;res/ui.xcf?pb_skill
400;0;res/ui.xcf?pb_skill_bgr
326;0;res/ui.xcf?pl_info
327;1;res/ui.xcf?pl_info;0,0,2,34,0,0;2,0,2,34,0,0;4,0,2,34,0,0;4,34,2,2,0,0;4,36,2,1,0,0;2,36,2,1,0,0;0,36,2,1,0,0;0,34,2,2,0,0;2,34,2,2,0,0
406;0;res/ui.xcf?pl_info_edge
431;0;res/ui.xcf?portrait_slot
448;0;res/ui.xcf?red_flag
398;0;res/ui.xcf?red_flag-a
346;0;res/ui.xcf?red_flag-f0-d50
449;0;res/ui.xcf?red_flag-f1-d20
433;0;res/ui.xcf?red_flag-f2-d50
324;0;res/ui.xcf?red_flag-f3-d30
463;0;res/ui.xcf?scroll_bgr
387;0;res/ui.xcf?scroll_bottom
367;0;res/ui.xcf?scroll_bottom_2
427;0;res/ui.xcf?scroll_paper_down
441;0;res/ui.xcf?scroll_paper_up
411;0;res/ui.xcf?scroll_paper_vbgr
378;0;res/ui.xcf?scroll_paper_vpos
416;0;res/ui.xcf?scroll_top
459;0;res/ui.xcf?squad_card
370;0;res/ui.xcf?squad_slot
336;0;res/ui.xcf?squad_top_bgr
348;0;res/ui.xcf?storage_slot
362;0;res/ui.xcf?time_bgr
357;0;res/ui.xcf?top_menu
437;0;res/ui.xcf?unit_info_bgr
492;0;res/ui.xcf?unit_stat_bgr
353;0;res/ui.xcf?vscroll_info
436;0;res/ui.xcf?vscroll_info_down
389;0;res/ui.xcf?vscroll_info_down_pr
375;0;res/ui.xcf?vscroll_info_pr
435;0;res/ui.xcf?vscroll_info_up
372;0;res/ui.xcf?vscroll_info_up_pr
42;2;res/fonts/font10x14.xcf
43;2;res/fonts/font3x5.xcf
44;2;res/fonts/font4x6.xcf
45;2;res/fonts/font4x7.xcf
0;0;res/animals/eagle.png
1;1;res/animals/eagle.png;0,0,2,3,1,1;0,0,2,2,1,1;0,0,3,2,1,1;1,0,2,2,0,1;1,0,2,3,0,1;1,1,2,2,0,0;0,1,3,2,1,0;0,1,2,2,1,0;1,1,1,1,0,0
269;0;res/items.xcf?anchor
267;0;res/items.xcf?armor
259;0;res/items.xcf?arrow
268;0;res/items.xcf?background
261;0;res/items.xcf?book
263;0;res/items.xcf?bottle
264;0;res/items.xcf?bow
270;0;res/items.xcf?dead_unit
271;0;res/items.xcf?key
258;0;res/items.xcf?player1
260;0;res/items.xcf?player2
265;0;res/items.xcf?red_potion
257;0;res/items.xcf?shield
266;0;res/items.xcf?sword
262;0;res/items.xcf?torch
69;0;res/icon.png
300;3;res/names.txt
493;3;res/unit_fnames.tbl
494;3;res/unit_snames.tbl
