32;0;res/editor.xcf?fb_file
18;0;res/editor.xcf?fb_folder
14;0;res/editor.xcf?ic_brush
17;0;res/editor.xcf?ic_select
33;0;res/editor.xcf?ie_bottom_left
29;0;res/editor.xcf?ie_bottom_middle
19;0;res/editor.xcf?ie_bottom_right
15;0;res/editor.xcf?ie_button
23;1;res/editor.xcf?ie_button;0,0,1,1,0,0;1,0,17,1,0,0;18,0,1,1,0,0;18,1,1,8,0,0;18,9,1,1,0,0;1,9,17,1,0,0;0,9,1,1,0,0;0,1,1,8,0,0;1,1,17,8,0,0
9;0;res/editor.xcf?ie_button_pr
10;1;res/editor.xcf?ie_button_pr;0,0,1,1,0,0;1,0,17,1,0,0;18,0,1,1,0,0;18,1,1,8,0,0;18,9,1,1,0,0;1,9,17,1,0,0;0,9,1,1,0,0;0,1,1,8,0,0;1,1,17,8,0,0
30;0;res/editor.xcf?ie_instr_floor
27;0;res/editor.xcf?ie_instr_wall
11;0;res/editor.xcf?ie_menu_bgr
12;0;res/editor.xcf?ie_panel
21;1;res/editor.xcf?ie_panel;0,0,2,2,0,0;2,0,22,2,0,0;24,0,4,2,0,0;24,2,4,21,0,0;24,23,4,4,0,0;2,23,22,4,0,0;0,23,2,4,0,0;0,2,2,21,0,0;2,2,22,21,0,0
22;0;res/editor.xcf?ie_search_bgr
16;0;res/editor.xcf?ie_search_cancel
24;0;res/editor.xcf?ie_tab_button_0
25;0;res/editor.xcf?ie_tab_button_1
26;0;res/editor.xcf?ie_tab_button_2
28;0;res/editor.xcf?ie_tab_button_3
20;0;res/editor.xcf?ie_tab_button_bgr
13;0;res/editor.xcf?ie_tab_button_pressed
34;0;res/editor.xcf?tb_bgr
63;0;res/iso/particles/arrow.png
64;1;res/iso/particles/arrow.png;1,2,8,4,0,0;9,0,1,6,0,0;10,2,8,4,7,0;10,6,9,1,8,0;10,7,8,4,7,3;9,7,1,6,0,5;1,7,8,4,0,3;0,6,9,1,0,0;1,15,8,4,0,0;9,13,1,6,0,0;10,15,8,4,7,0;10,19,9,1,8,0;10,20,8,4,7,3;9,20,1,6,0,5;1,20,8,4,0,3;0,19,9,1,0,0
210;0;res/iso.xcf?anchor
94;0;res/iso.xcf?attack_back
83;0;res/iso.xcf?attack_front
237;0;res/iso.xcf?Axis
88;0;res/iso.xcf?Balk1
87;0;res/iso.xcf?Balk2
86;0;res/iso.xcf?Balk3
85;0;res/iso.xcf?Balk4
240;0;res/iso.xcf?Barrel
148;0;res/iso.xcf?bgr
168;0;res/iso.xcf?biganchors
117;0;res/iso.xcf?BigGrass-0-0
118;0;res/iso.xcf?BigGrass-0-1
183;0;res/iso.xcf?BigTree-0-0
182;0;res/iso.xcf?BigTree-0-1
67;0;res/iso.xcf?BigTree-L2-0-0
72;0;res/iso.xcf?BigTree-L2-0-1
69;0;res/iso.xcf?BigTree-L2-0-2
220;0;res/iso.xcf?BlueBrick-0-0
236;0;res/iso.xcf?BlueBrick-1-0
176;0;res/iso.xcf?BlueBrick-2-0
108;0;res/iso.xcf?Bonfire
224;0;res/iso.xcf?Box
79;0;res/iso.xcf?Build-0-0
80;0;res/iso.xcf?Build-0-1
76;0;res/iso.xcf?Build-0-2
78;0;res/iso.xcf?Build-0-3
74;0;res/iso.xcf?Build-0-4
75;0;res/iso.xcf?Build-0-5
70;0;res/iso.xcf?Build-0-6
73;0;res/iso.xcf?Build-0-7
68;0;res/iso.xcf?Build-0-8
105;0;res/iso.xcf?Cabinet-0-0
104;0;res/iso.xcf?Cabinet-0-1
156;0;res/iso.xcf?Candle
178;0;res/iso.xcf?Candle-f0-d5
155;0;res/iso.xcf?Candle-f1-d5
107;0;res/iso.xcf?Candle-f2-d5
92;0;res/iso.xcf?Candle-f3-d5
138;0;res/iso.xcf?CartPlatform
103;0;res/iso.xcf?CartWall-0-0
102;0;res/iso.xcf?CartWall-0-1
122;0;res/iso.xcf?CartWall-1-0
123;0;res/iso.xcf?CartWall-1-1
109;0;res/iso.xcf?CartWheel
187;0;res/iso.xcf?CaveFloor-0-0
188;0;res/iso.xcf?CaveFloor-0-1
189;0;res/iso.xcf?CaveFloor-0-2
185;0;res/iso.xcf?CaveFloor-0-3
226;0;res/iso.xcf?CaveStairs
214;0;res/iso.xcf?CaveStairs2
77;0;res/iso.xcf?CaveWall-0-0
81;0;res/iso.xcf?CaveWall-0-1
234;0;res/iso.xcf?CaveWall-1-0
233;0;res/iso.xcf?CaveWall-1-1
196;0;res/iso.xcf?CaveWall-2
201;0;res/iso.xcf?cell
93;0;res/iso.xcf?cell-0
96;0;res/iso.xcf?cell-1
95;0;res/iso.xcf?cell-2
167;0;res/iso.xcf?cellgrid
137;0;res/iso.xcf?CellSelect
126;0;res/iso.xcf?CellSelect-0-1
184;0;res/iso.xcf?cursor_floor
127;0;res/iso.xcf?cursor_trace
207;0;res/iso.xcf?cursor_wall
217;0;res/iso.xcf?Dirt-0-0
216;0;res/iso.xcf?Dirt-0-1
101;0;res/iso.xcf?Door-0-0
120;0;res/iso.xcf?Door-1-0
230;0;res/iso.xcf?Door-2-0
162;0;res/iso.xcf?Filler
197;0;res/iso.xcf?Fireplace
115;0;res/iso.xcf?Fireplace-f0-d10
153;0;res/iso.xcf?Fireplace-f1-d10
129;0;res/iso.xcf?Fireplace-f2-d10
211;0;res/iso.xcf?FrameL
116;0;res/iso.xcf?FrameL2
198;0;res/iso.xcf?FrameR
192;0;res/iso.xcf?FrameR2
133;0;res/iso.xcf?Gobelen-0-0
135;0;res/iso.xcf?Gobelen-0-1
136;0;res/iso.xcf?Gobelen-0-2
97;0;res/iso.xcf?Grass-0-0
98;0;res/iso.xcf?Grass-0-1
99;0;res/iso.xcf?Grass-0-2
170;0;res/iso.xcf?Image
195;0;res/iso.xcf?Next
130;0;res/iso.xcf?pal
113;0;res/iso.xcf?Planks-0-0
90;0;res/iso.xcf?Planks-1-0
239;0;res/iso.xcf?Planks-2-0
134;0;res/iso.xcf?Player1
132;0;res/iso.xcf?Player2
205;0;res/iso.xcf?PlWnd-0-0
218;0;res/iso.xcf?PlWnd-1-0
235;0;res/iso.xcf?PlWnd-2-0
151;0;res/iso.xcf?rect_back
71;0;res/iso.xcf?rect_front
231;0;res/iso.xcf?RedBrick-0-0
212;0;res/iso.xcf?RedBrick-1-0
200;0;res/iso.xcf?RedBrick-2-0
175;0;res/iso.xcf?RedWood-0-0
177;0;res/iso.xcf?RedWood-0-1
179;0;res/iso.xcf?RedWood-0-2
202;0;res/iso.xcf?RedWood-1-0
203;0;res/iso.xcf?RedWood-1-1
204;0;res/iso.xcf?RedWood-1-2
128;0;res/iso.xcf?RedWood-2-0
169;0;res/iso.xcf?RedWoodWnd-0-0
199;0;res/iso.xcf?RedWoodWnd-1-0
215;0;res/iso.xcf?RedWoodWnd-2-0
161;0;res/iso.xcf?RockFloor-0-0
164;0;res/iso.xcf?RockFloor-0-1
166;0;res/iso.xcf?RockFloor-0-2
65;0;res/iso.xcf?Roof2-0-0
248;0;res/iso.xcf?Roof2-2-0-0
114;0;res/iso.xcf?Roof-0-0
91;0;res/iso.xcf?Roof-1-0
241;0;res/iso.xcf?Roof-2-0
225;0;res/iso.xcf?Roof-3-0
106;0;res/iso.xcf?RoofFloor-0-0
222;0;res/iso.xcf?Sand-0-0
206;0;res/iso.xcf?Sea-0-0
181;0;res/iso.xcf?sel_back
221;0;res/iso.xcf?sel_front
247;0;res/iso.xcf?ShadowWall-0
246;0;res/iso.xcf?ShadowWall-1
245;0;res/iso.xcf?ShadowWall-2
232;0;res/iso.xcf?SmallTorh
223;0;res/iso.xcf?SmallTorh-f0-d10
186;0;res/iso.xcf?SmallTorh-f1-d10
131;0;res/iso.xcf?SmallTorh-f2-d10
66;0;res/iso.xcf?SmallTorh-f3-d10
124;0;res/iso.xcf?SmallTree2-0-0
193;0;res/iso.xcf?SmallTree-0-0
190;0;res/iso.xcf?SmallTree-0-1
180;0;res/iso.xcf?SmallTree-L2-0-0
228;0;res/iso.xcf?Stairs2-0
227;0;res/iso.xcf?Stairs2-1
111;0;res/iso.xcf?Stairs-0
110;0;res/iso.xcf?Stairs-1
84;0;res/iso.xcf?Test2x1
219;0;res/iso.xcf?Test2x1_mirr
145;0;res/iso.xcf?Test2x1small
82;0;res/iso.xcf?Test2x2
173;0;res/iso.xcf?Torch
160;0;res/iso.xcf?WhiteWood-0-0
163;0;res/iso.xcf?WhiteWood-0-1
165;0;res/iso.xcf?WhiteWood-0-2
144;0;res/iso.xcf?WhiteWood-1-0
147;0;res/iso.xcf?WhiteWood-1-1
146;0;res/iso.xcf?WhiteWood-1-2
121;0;res/iso.xcf?WhiteWood-2-0
100;0;res/iso.xcf?WhWoodWnd-0-0
119;0;res/iso.xcf?WhWoodWnd-1-0
229;0;res/iso.xcf?WhWoodWnd-2-0
213;0;res/iso.xcf?Window1
244;0;res/iso.xcf?WoodFloor-0-0
242;0;res/iso.xcf?WoodFloor-0-1
243;0;res/iso.xcf?WoodFloor-0-2
249;0;res/iso.xcf?WoodFloor-0-3
154;0;res/iso.xcf?WoodLight-0-0
158;0;res/iso.xcf?WoodLight-0-1
157;0;res/iso.xcf?WoodLight-0-2
159;0;res/iso.xcf?WoodLight-0-3
141;0;res/iso.xcf?WoodLight-1-0
140;0;res/iso.xcf?WoodLight-1-1
143;0;res/iso.xcf?WoodLight-1-2
142;0;res/iso.xcf?WoodLight-1-3
209;0;res/iso.xcf?WoodLight-2-0
191;0;res/iso.xcf?WoodLWnd-0-0
208;0;res/iso.xcf?WoodLWnd-1-0
139;0;res/iso.xcf?WoodLWnd-2-0
171;0;res/iso.xcf?WoodWall-0-0
174;0;res/iso.xcf?WoodWall-0-1
172;0;res/iso.xcf?WoodWall-0-2
150;0;res/iso.xcf?WoodWall-1-0
149;0;res/iso.xcf?WoodWall-1-1
194;0;res/iso.xcf?WoodWall-1-2
125;0;res/iso.xcf?WoodWall-2-0
238;0;res/iso.xcf?WoodWallWnd-0-0
89;0;res/iso.xcf?WoodWallWnd-1-0
112;0;res/iso.xcf?WoodWallWnd-2-0
152;0;res/iso.xcf?WorkTable
265;3;res/maps/guild/b0_0.map
266;3;res/maps/guild/b2_0.map
267;3;res/maps/guild/b2_1.map
268;3;res/maps/guild/b2_2.map
282;3;res/maps/houseW[]/0.map
283;3;res/maps/houseW[]/1.map
284;3;res/maps/houseW[]/2.map
273;3;res/maps/houseN[]/0.map
274;3;res/maps/houseN[]/1.map
275;3;res/maps/houseN[]/2.map
277;3;res/maps/houseS[]/0.map
278;3;res/maps/houseS[]/1.map
279;3;res/maps/houseS[]/2.map
280;3;res/maps/houseS[]/3.map
269;3;res/maps/houseE[]/0.map
270;3;res/maps/houseE[]/1.map
271;3;res/maps/houseE[]/2.map
286;3;res/maps/scenario.map
287;3;res/maps/temp.map
288;3;res/maps/test.map
292;0;res/portraits/conrad.png
293;0;res/portraits/paulson.png
44;0;res/glyphs.xcf?bigmount_0
45;0;res/glyphs.xcf?bigmount_1
46;0;res/glyphs.xcf?bigmount_2
47;0;res/glyphs.xcf?bigmount_3
48;0;res/glyphs.xcf?bigmount_4
56;0;res/glyphs.xcf?mount_0
57;0;res/glyphs.xcf?mount_1
58;0;res/glyphs.xcf?mount_2
59;0;res/glyphs.xcf?mount_3
43;0;res/glyphs.xcf?sea_0
50;0;res/glyphs.xcf?tree_0
51;0;res/glyphs.xcf?tree_1
52;0;res/glyphs.xcf?tree_2
53;0;res/glyphs.xcf?tree_3
54;0;res/glyphs.xcf?tree_4
530;0;res/units/body0.xcf?anchor
496;0;res/units/body0.xcf?body0-0-0
497;0;res/units/body0.xcf?body0-0-1
526;0;res/units/body0.xcf?body0-0-1-f0-d5
510;0;res/units/body0.xcf?body0-0-1-f1-d5
494;0;res/units/body0.xcf?body0-0-1-f2-d5
477;0;res/units/body0.xcf?body0-0-1-f3-d5
523;0;res/units/body0.xcf?body0-0-1-f4-d5
509;0;res/units/body0.xcf?body0-0-1-f5-d5
500;0;res/units/body0.xcf?body0-0-2
525;0;res/units/body0.xcf?body0-1-0
527;0;res/units/body0.xcf?body0-1-1
495;0;res/units/body0.xcf?body0-1-1-f0-d5
478;0;res/units/body0.xcf?body0-1-1-f1-d5
524;0;res/units/body0.xcf?body0-1-1-f2-d5
507;0;res/units/body0.xcf?body0-1-1-f3-d5
488;0;res/units/body0.xcf?body0-1-1-f4-d5
472;0;res/units/body0.xcf?body0-1-1-f5-d5
499;0;res/units/body0.xcf?body0-2-0
501;0;res/units/body0.xcf?body0-2-1
502;0;res/units/body0.xcf?body0-2-1-f0-d10
491;0;res/units/body0.xcf?body0-2-1-f1-d10
484;0;res/units/body0.xcf?body0-2-1-f2-d10
474;0;res/units/body0.xcf?body0-2-1-f3-d10
528;0;res/units/body0.xcf?body0-3-0
516;0;res/units/body0.xcf?body0-3-1
487;0;res/units/body0.xcf?body0-3-1-f0-d5
473;0;res/units/body0.xcf?body0-3-1-f1-d5
515;0;res/units/body0.xcf?body0-3-1-f2-d5
534;0;res/units/body0.xcf?body0-3-1-f3-d5
482;0;res/units/body0.xcf?body0-3-1-f4-d5
506;0;res/units/body0.xcf?body0-3-1-f5-d5
486;0;res/units/body0.xcf?body0-4-0
489;0;res/units/body0.xcf?body0-4-1
492;0;res/units/body0.xcf?body0-4-1-f0-d5
533;0;res/units/body0.xcf?body0-4-1-f1-d5
483;0;res/units/body0.xcf?body0-4-1-f2-d5
505;0;res/units/body0.xcf?body0-4-1-f3-d5
514;0;res/units/body0.xcf?body0-4-1-f4-d5
535;0;res/units/body0.xcf?body0-4-1-f5-d5
517;0;res/units/body0.xcf?body0-5-0
518;0;res/units/body0.xcf?body0-5-1
522;0;res/units/body0.xcf?body0-5-1-f0-d5
475;0;res/units/body0.xcf?body0-5-1-f1-d5
513;0;res/units/body0.xcf?body0-5-1-f2-d5
531;0;res/units/body0.xcf?body0-5-1-f3-d5
481;0;res/units/body0.xcf?body0-5-1-f4-d5
504;0;res/units/body0.xcf?body0-5-1-f5-d5
490;0;res/units/body0.xcf?body0-6-0
493;0;res/units/body0.xcf?body0-6-1
485;0;res/units/body0.xcf?body0-6-1-f0-d10
476;0;res/units/body0.xcf?body0-6-1-f1-d10
536;0;res/units/body0.xcf?body0-6-1-f2-d10
519;0;res/units/body0.xcf?body0-6-1-f3-d10
520;0;res/units/body0.xcf?body0-7-0
521;0;res/units/body0.xcf?body0-7-1
529;0;res/units/body0.xcf?body0-7-1-f0-d5
480;0;res/units/body0.xcf?body0-7-1-f1-d5
503;0;res/units/body0.xcf?body0-7-1-f2-d5
512;0;res/units/body0.xcf?body0-7-1-f3-d5
479;0;res/units/body0.xcf?body0-7-1-f4-d5
498;0;res/units/body0.xcf?body0-7-1-f5-d5
511;0;res/units/body0.xcf?cell
532;0;res/units/body0.xcf?FrameL
508;0;res/units/body0.xcf?FrameR
679;0;res/units/human_leather.xcf?anchor
619;0;res/units/human_leather.xcf?attack-0-f0
617;0;res/units/human_leather.xcf?attack-0-f1
616;0;res/units/human_leather.xcf?attack-0-f2
615;0;res/units/human_leather.xcf?attack-0-f3
604;0;res/units/human_leather.xcf?attack-0-f4
692;0;res/units/human_leather.xcf?attack-0-init
681;0;res/units/human_leather.xcf?attack-1-f0
688;0;res/units/human_leather.xcf?attack-1-f1
686;0;res/units/human_leather.xcf?attack-1-f2
685;0;res/units/human_leather.xcf?attack-1-f3
683;0;res/units/human_leather.xcf?attack-1-f4
712;0;res/units/human_leather.xcf?attack-1-init
649;0;res/units/human_leather.xcf?attack-2-f0
650;0;res/units/human_leather.xcf?attack-2-f1
641;0;res/units/human_leather.xcf?attack-2-f2
642;0;res/units/human_leather.xcf?attack-2-f3
644;0;res/units/human_leather.xcf?attack-2-f4
667;0;res/units/human_leather.xcf?attack-2-init
711;0;res/units/human_leather.xcf?attack-3-f0
713;0;res/units/human_leather.xcf?attack-3-f1
715;0;res/units/human_leather.xcf?attack-3-f2
708;0;res/units/human_leather.xcf?attack-3-f3
709;0;res/units/human_leather.xcf?attack-3-f4
609;0;res/units/human_leather.xcf?attack-3-init
572;0;res/units/human_leather.xcf?attack-4-f0
571;0;res/units/human_leather.xcf?attack-4-f1
574;0;res/units/human_leather.xcf?attack-4-f2
573;0;res/units/human_leather.xcf?attack-4-f3
568;0;res/units/human_leather.xcf?attack-4-f4
652;0;res/units/human_leather.xcf?attack-4-init
628;0;res/units/human_leather.xcf?attack-5-f0
632;0;res/units/human_leather.xcf?attack-5-f1
631;0;res/units/human_leather.xcf?attack-5-f2
635;0;res/units/human_leather.xcf?attack-5-f3
634;0;res/units/human_leather.xcf?attack-5-f4
538;0;res/units/human_leather.xcf?attack-5-init
607;0;res/units/human_leather.xcf?bgr
546;0;res/units/human_leather.xcf?bracers_blue
564;0;res/units/human_leather.xcf?bracers_brown
625;0;res/units/human_leather.xcf?bracers_cyan
660;0;res/units/human_leather.xcf?bracers_original
707;0;res/units/human_leather.xcf?bracers_pal
703;0;res/units/human_leather.xcf?bracers_red
543;0;res/units/human_leather.xcf?bracers_yellow
666;0;res/units/human_leather.xcf?cell
682;0;res/units/human_leather.xcf?FrameL
663;0;res/units/human_leather.xcf?FrameR
580;0;res/units/human_leather.xcf?green_pal
624;0;res/units/human_leather.xcf?hair_pal
654;0;res/units/human_leather.xcf?hairs_black
585;0;res/units/human_leather.xcf?hairs_brown
678;0;res/units/human_leather.xcf?hairs_original
576;0;res/units/human_leather.xcf?hairs_white
591;0;res/units/human_leather.xcf?hairs_yellow
643;0;res/units/human_leather.xcf?human_leather-0-0
645;0;res/units/human_leather.xcf?human_leather-0-1
600;0;res/units/human_leather.xcf?human_leather-0-15
554;0;res/units/human_leather.xcf?human_leather-0-1-f0-d10
671;0;res/units/human_leather.xcf?human_leather-0-1-f1-d10
716;0;res/units/human_leather.xcf?human_leather-0-1-f2-d10
583;0;res/units/human_leather.xcf?human_leather-0-1-f3-d10
621;0;res/units/human_leather.xcf?human_leather-0-1-f4-d10
638;0;res/units/human_leather.xcf?human_leather-0-1-f5-d10
647;0;res/units/human_leather.xcf?human_leather-0-2
677;0;res/units/human_leather.xcf?human_leather-0-2-f0-d10
605;0;res/units/human_leather.xcf?human_leather-0-2-f1-d10
560;0;res/units/human_leather.xcf?human_leather-0-2-f2-d10
659;0;res/units/human_leather.xcf?human_leather-0-2-f3-d10
701;0;res/units/human_leather.xcf?human_leather-0-2-f4-d10
612;0;res/units/human_leather.xcf?human_leather-1-0
614;0;res/units/human_leather.xcf?human_leather-1-1
705;0;res/units/human_leather.xcf?human_leather-1-1-f0-d10
556;0;res/units/human_leather.xcf?human_leather-1-1-f1-d10
601;0;res/units/human_leather.xcf?human_leather-1-1-f2-d10
648;0;res/units/human_leather.xcf?human_leather-1-1-f3-d10
693;0;res/units/human_leather.xcf?human_leather-1-1-f4-d10
622;0;res/units/human_leather.xcf?human_leather-1-2
626;0;res/units/human_leather.xcf?human_leather-1-2-f0-d10
684;0;res/units/human_leather.xcf?human_leather-1-2-f1-d10
694;0;res/units/human_leather.xcf?human_leather-1-2-f2-d10
545;0;res/units/human_leather.xcf?human_leather-1-2-f3-d10
588;0;res/units/human_leather.xcf?human_leather-1-2-f4-d10
590;0;res/units/human_leather.xcf?human_leather-2-0
592;0;res/units/human_leather.xcf?human_leather-2-1
584;0;res/units/human_leather.xcf?human_leather-2-1-f0-d5
544;0;res/units/human_leather.xcf?human_leather-2-1-f1-d5
595;0;res/units/human_leather.xcf?human_leather-2-1-f2-d10
550;0;res/units/human_leather.xcf?human_leather-2-1-f3-d10
718;0;res/units/human_leather.xcf?human_leather-2-1-f4-d10
594;0;res/units/human_leather.xcf?human_leather-2-2
690;0;res/units/human_leather.xcf?human_leather-2-2-f0-d10
540;0;res/units/human_leather.xcf?human_leather-2-2-f1-d10
675;0;res/units/human_leather.xcf?human_leather-2-2-f2-d10
629;0;res/units/human_leather.xcf?human_leather-2-2-f3-d10
567;0;res/units/human_leather.xcf?human_leather-2-2-f4-d10
577;0;res/units/human_leather.xcf?human_leather-3-0
578;0;res/units/human_leather.xcf?human_leather-3-1
630;0;res/units/human_leather.xcf?human_leather-3-1-f0-d10
561;0;res/units/human_leather.xcf?human_leather-3-1-f1-d10
721;0;res/units/human_leather.xcf?human_leather-3-1-f2-d10
706;0;res/units/human_leather.xcf?human_leather-3-1-f3-d10
557;0;res/units/human_leather.xcf?human_leather-3-1-f4-d10
579;0;res/units/human_leather.xcf?human_leather-3-2
710;0;res/units/human_leather.xcf?human_leather-3-2-f0-d10
665;0;res/units/human_leather.xcf?human_leather-3-2-f1-d10
618;0;res/units/human_leather.xcf?human_leather-3-2-f2-d10
581;0;res/units/human_leather.xcf?human_leather-3-2-f3-d10
722;0;res/units/human_leather.xcf?human_leather-3-2-f4-d10
548;0;res/units/human_leather.xcf?human_leather-4-0
549;0;res/units/human_leather.xcf?human_leather-4-1
669;0;res/units/human_leather.xcf?human_leather-4-1-f0-d10
724;0;res/units/human_leather.xcf?human_leather-4-1-f1-d10
582;0;res/units/human_leather.xcf?human_leather-4-1-f2-d10
587;0;res/units/human_leather.xcf?human_leather-4-1-f3-d10
640;0;res/units/human_leather.xcf?human_leather-4-1-f4-d10
551;0;res/units/human_leather.xcf?human_leather-4-2
552;0;res/units/human_leather.xcf?human_leather-4-2-f0-d10
593;0;res/units/human_leather.xcf?human_leather-4-2-f1-d10
658;0;res/units/human_leather.xcf?human_leather-4-2-f2-d10
691;0;res/units/human_leather.xcf?human_leather-4-2-f3-d10
542;0;res/units/human_leather.xcf?human_leather-4-2-f4-d10
723;0;res/units/human_leather.xcf?human_leather-5-2
636;0;res/units/human_leather.xcf?human_leather-5-2-f0-d10
697;0;res/units/human_leather.xcf?human_leather-5-2-f1-d10
553;0;res/units/human_leather.xcf?human_leather-5-2-f2-d10
602;0;res/units/human_leather.xcf?human_leather-5-2-f3-d10
608;0;res/units/human_leather.xcf?human_leather-5-2-f4-d10
702;0;res/units/human_leather.xcf?human_leather-6-2
728;0;res/units/human_leather.xcf?human_leather-6-2-f0-d10
664;0;res/units/human_leather.xcf?human_leather-6-2-f1-d10
613;0;res/units/human_leather.xcf?human_leather-6-2-f2-d10
566;0;res/units/human_leather.xcf?human_leather-6-2-f3-d10
700;0;res/units/human_leather.xcf?human_leather-6-2-f4-d10
558;0;res/units/human_leather.xcf?leather_pal
623;0;res/units/human_leather.xcf?other_pal
695;0;res/units/human_leather.xcf?skin_dark
726;0;res/units/human_leather.xcf?skin_light
653;0;res/units/human_leather.xcf?skin_lighter
673;0;res/units/human_leather.xcf?skin_original
637;0;res/units/human_leather.xcf?skin_pal
575;0;res/units/human_leather.xcf?sword-0-0
569;0;res/units/human_leather.xcf?sword-0-2
651;0;res/units/human_leather.xcf?sword-0-2-f0-d10
714;0;res/units/human_leather.xcf?sword-0-2-f1-d10
563;0;res/units/human_leather.xcf?sword-0-2-f2-d10
611;0;res/units/human_leather.xcf?sword-0-2-f3-d10
676;0;res/units/human_leather.xcf?sword-0-2-f4-d10
698;0;res/units/human_leather.xcf?sword-1-0
699;0;res/units/human_leather.xcf?sword-1-2
565;0;res/units/human_leather.xcf?sword-1-2-f0-d10
655;0;res/units/human_leather.xcf?sword-1-2-f1-d10
596;0;res/units/human_leather.xcf?sword-1-2-f2-d10
555;0;res/units/human_leather.xcf?sword-1-2-f3-d10
689;0;res/units/human_leather.xcf?sword-1-2-f4-d10
719;0;res/units/human_leather.xcf?sword-2-0
720;0;res/units/human_leather.xcf?sword-2-2
633;0;res/units/human_leather.xcf?sword-2-2-f0-d10
537;0;res/units/human_leather.xcf?sword-2-2-f1-d10
696;0;res/units/human_leather.xcf?sword-2-2-f2-d10
657;0;res/units/human_leather.xcf?sword-2-2-f3-d10
603;0;res/units/human_leather.xcf?sword-2-2-f4-d10
646;0;res/units/human_leather.xcf?sword-3-0
639;0;res/units/human_leather.xcf?sword-3-2
674;0;res/units/human_leather.xcf?sword-3-2-f0-d10
727;0;res/units/human_leather.xcf?sword-3-2-f1-d10
559;0;res/units/human_leather.xcf?sword-3-2-f2-d10
606;0;res/units/human_leather.xcf?sword-3-2-f3-d10
668;0;res/units/human_leather.xcf?sword-3-2-f4-d10
672;0;res/units/human_leather.xcf?sword-4-0
670;0;res/units/human_leather.xcf?sword-4-2
717;0;res/units/human_leather.xcf?sword-4-2-f0-d10
570;0;res/units/human_leather.xcf?sword-4-2-f1-d10
627;0;res/units/human_leather.xcf?sword-4-2-f2-d10
687;0;res/units/human_leather.xcf?sword-4-2-f3-d10
539;0;res/units/human_leather.xcf?sword-4-2-f4-d10
599;0;res/units/human_leather.xcf?sword-5
589;0;res/units/human_leather.xcf?sword-5-2
662;0;res/units/human_leather.xcf?sword-5-2-f0-d10
586;0;res/units/human_leather.xcf?sword-5-2-f1-d10
541;0;res/units/human_leather.xcf?sword-5-2-f2-d10
725;0;res/units/human_leather.xcf?sword-5-2-f3-d10
680;0;res/units/human_leather.xcf?sword-5-2-f4-d10
597;0;res/units/human_leather.xcf?sword-6
610;0;res/units/human_leather.xcf?sword-6-2
547;0;res/units/human_leather.xcf?sword-6-2-f0-d10
704;0;res/units/human_leather.xcf?sword-6-2-f1-d10
661;0;res/units/human_leather.xcf?sword-6-2-f2-d10
562;0;res/units/human_leather.xcf?sword-6-2-f3-d10
620;0;res/units/human_leather.xcf?sword-6-2-f4-d10
598;0;res/units/human_leather.xcf?sword-7
656;0;res/units/human_leather.xcf?sword_pal
39;3;res/glsl/fnoise.glsl
40;3;res/glsl/fnone.glsl
41;3;res/glsl/fragment.glsl
42;3;res/glsl/vertex.glsl
3;0;res/cursors.xcf?default
5;0;res/cursors.xcf?anchor
4;0;res/cursors.xcf?attack
8;0;res/cursors.xcf?lens
7;0;res/cursors.xcf?move_x
2;0;res/cursors.xcf?move_xy
6;0;res/cursors.xcf?move_y
289;3;res/music/GAME6.ogg
290;3;res/music/GAME8.ogg
295;3;res/sounds/door_close.wav
296;3;res/sounds/door_open.wav
297;3;res/sounds/steps_dirt.wav
298;3;res/sounds/steps_grass.wav
299;3;res/sounds/steps_rock.wav
300;3;res/sounds/steps_wood.wav
301;3;res/sounds/sword_whip.wav
457;0;res/ui.xcf?ammunition
305;0;res/ui.xcf?ammunition_bgr
460;0;res/ui.xcf?backpack_bgr
384;0;res/ui.xcf?blue_pb
328;0;res/ui.xcf?blue_pb-f0-d5
338;0;res/ui.xcf?blue_pb-f1-d5
389;0;res/ui.xcf?blue_pb-f2-d5
401;0;res/ui.xcf?blue_pb-f3-d5
446;0;res/ui.xcf?blue_pb-f4-d5
383;0;res/ui.xcf?bm_close
369;0;res/ui.xcf?book
360;0;res/ui.xcf?book_button
361;1;res/ui.xcf?book_button;0,0,1,1,0,0;1,0,48,1,0,0;49,0,1,1,0,0;49,1,1,11,0,0;49,12,1,1,0,0;1,12,48,1,0,0;0,12,1,1,0,0;0,1,1,11,0,0;1,1,48,11,0,0
400;0;res/ui.xcf?book_button_pr
456;1;res/ui.xcf?book_button_pr;0,0,1,1,0,0;1,0,48,1,0,0;49,0,1,1,0,0;49,1,1,11,0,0;49,12,1,1,0,0;1,12,48,1,0,0;0,12,1,1,0,0;0,1,1,11,0,0;1,1,48,11,0,0
444;0;res/ui.xcf?book_descr_bottom
422;0;res/ui.xcf?book_map_rect
324;0;res/ui.xcf?bt_add_squad
399;0;res/ui.xcf?bt_add_squad_pr
449;0;res/ui.xcf?bt_back
439;0;res/ui.xcf?bt_blue_arms
403;0;res/ui.xcf?bt_blue_arms_pr
385;0;res/ui.xcf?bt_border_info
386;1;res/ui.xcf?bt_border_info;0,0,2,2,0,0;2,0,37,2,0,0;39,0,2,2,0,0;39,2,2,17,0,0;39,19,2,2,0,0;2,19,37,2,0,0;0,19,2,2,0,0;0,2,2,17,0,0;2,2,37,17,0,0
312;0;res/ui.xcf?bt_gem_add
406;0;res/ui.xcf?bt_gem_remove
343;0;res/ui.xcf?bt_igm
453;1;res/ui.xcf?bt_igm;0,0,2,2,0,0;2,0,26,2,0,0;28,0,2,2,0,0;28,2,2,11,0,0;28,13,2,2,0,0;2,13,26,2,0,0;0,13,2,2,0,0;0,2,2,11,0,0;2,2,26,11,0,0
391;0;res/ui.xcf?bt_igm_pr
409;1;res/ui.xcf?bt_igm_pr;0,0,2,2,0,0;2,0,26,2,0,0;28,0,2,2,0,0;28,2,2,11,0,0;28,13,2,2,0,0;2,13,26,2,0,0;0,13,2,2,0,0;0,2,2,11,0,0;2,2,26,11,0,0
468;0;res/ui.xcf?bt_info
425;0;res/ui.xcf?bt_info_close
371;0;res/ui.xcf?bt_info_close_pr
461;0;res/ui.xcf?bt_info_pr
333;0;res/ui.xcf?bt_info_squad
354;0;res/ui.xcf?bt_info_squad_pr
465;0;res/ui.xcf?bt_info_units
432;0;res/ui.xcf?bt_info_units_pr
397;0;res/ui.xcf?bt_mbox
398;1;res/ui.xcf?bt_mbox;0,0,1,1,0,0;1,0,27,1,0,0;28,0,2,1,0,0;28,1,2,9,0,0;28,10,2,2,0,0;1,10,27,2,0,0;0,10,1,2,0,0;0,1,1,9,0,0;1,1,27,9,0,0
447;0;res/ui.xcf?bt_mbox_pr
448;1;res/ui.xcf?bt_mbox_pr;0,0,2,2,0,0;2,0,27,2,0,0;29,0,1,2,0,0;29,2,1,9,0,0;29,11,1,1,0,0;2,11,27,1,0,0;0,11,2,1,0,0;0,2,2,9,0,0;2,2,27,9,0,0
357;0;res/ui.xcf?bt_menu
440;0;res/ui.xcf?bt_menu_pr
337;0;res/ui.xcf?bt_miss_action
458;0;res/ui.xcf?bt_miss_action_pr
434;0;res/ui.xcf?bt_next_g
436;0;res/ui.xcf?bt_next_g_pr
455;0;res/ui.xcf?bt_nud
410;0;res/ui.xcf?bt_paper_next
445;0;res/ui.xcf?bt_paper_next_pr
467;0;res/ui.xcf?bt_paper_prev
459;0;res/ui.xcf?bt_paper_prev_pr
374;0;res/ui.xcf?bt_prev_g
394;0;res/ui.xcf?bt_prev_g_pr
359;0;res/ui.xcf?bt_red_arms
367;0;res/ui.xcf?bt_red_arms_pr
404;0;res/ui.xcf?bt_remove_squad
402;0;res/ui.xcf?bt_remove_squad_pr
431;0;res/ui.xcf?bt_unit_work
325;0;res/ui.xcf?bubbles
414;0;res/ui.xcf?build_button_la
372;0;res/ui.xcf?buildinc_icon_bgr
463;0;res/ui.xcf?building_book_sel_bgr
393;0;res/ui.xcf?building_cancel
380;0;res/ui.xcf?building_card
442;0;res/ui.xcf?building_card_progr
311;0;res/ui.xcf?building_icon_1
310;0;res/ui.xcf?building_icon_2
315;0;res/ui.xcf?building_icon_3
314;0;res/ui.xcf?building_icon_4
317;0;res/ui.xcf?building_icon_5
316;0;res/ui.xcf?building_icon_6
307;0;res/ui.xcf?building_info
364;0;res/ui.xcf?building_ok
392;0;res/ui.xcf?cart
377;0;res/ui.xcf?cc_bgr
313;0;res/ui.xcf?cc_lens
370;0;res/ui.xcf?cc_right
336;0;res/ui.xcf?cc_squad
450;0;res/ui.xcf?city_top
466;0;res/ui.xcf?disabled_bgr
423;0;res/ui.xcf?event_build
345;0;res/ui.xcf?event_satan
349;0;res/ui.xcf?guild_card
340;0;res/ui.xcf?guild_pb_blue
347;0;res/ui.xcf?guild_pb_green
322;0;res/ui.xcf?horse
346;0;res/ui.xcf?hscroll_gray
376;0;res/ui.xcf?hscroll_gray_down
373;0;res/ui.xcf?hscroll_gray_down_pr
433;0;res/ui.xcf?hscroll_gray_pr
408;0;res/ui.xcf?hscroll_gray_up
334;0;res/ui.xcf?hscroll_gray_up_pr
424;0;res/ui.xcf?ic_anvil
320;0;res/ui.xcf?ic_book
464;0;res/ui.xcf?ic_bow
378;0;res/ui.xcf?ic_magic
412;0;res/ui.xcf?ic_miss_end
362;0;res/ui.xcf?ic_miss_exit
435;0;res/ui.xcf?ic_shield
330;0;res/ui.xcf?ic_squad_move
390;0;res/ui.xcf?ic_squad_stand
438;0;res/ui.xcf?ic_sword
326;0;res/ui.xcf?ic_unit_female
341;0;res/ui.xcf?ic_unit_male
382;0;res/ui.xcf?igm_panel
407;1;res/ui.xcf?igm_panel;0,0,3,3,0,0;3,0,20,3,0,0;23,0,6,3,0,0;23,3,6,19,0,0;23,22,6,6,0,0;3,22,20,6,0,0;0,22,3,6,0,0;0,3,3,19,0,0;3,3,20,19,0,0
332;0;res/ui.xcf?lvl_txt
352;0;res/ui.xcf?map_bgr
358;0;res/ui.xcf?mapbrd
451;1;res/ui.xcf?mapbrd;0,0,14,14,0,0;14,0,66,14,0,0;80,0,14,14,0,0;80,14,14,66,0,0;80,80,14,14,0,0;14,80,66,14,0,0;0,80,14,14,0,0;0,14,14,66,0,0;14,14,66,66,0,0
363;0;res/ui.xcf?mapbrd_hb
356;0;res/ui.xcf?mapbrd_ht
304;0;res/ui.xcf?mapbrd_lb
323;0;res/ui.xcf?mapbrd_lt
419;0;res/ui.xcf?mapbrd_rb
428;0;res/ui.xcf?mapbrd_rt
365;0;res/ui.xcf?mapbrd_vl
388;0;res/ui.xcf?mapbrd_vr
319;0;res/ui.xcf?marker_darkforces
342;0;res/ui.xcf?marker_squad
454;0;res/ui.xcf?mbox_frame
420;0;res/ui.xcf?miss_portrait_bgr
395;0;res/ui.xcf?msg_bgr
430;0;res/ui.xcf?msg_left
421;0;res/ui.xcf?msg_right
452;0;res/ui.xcf?paper
375;0;res/ui.xcf?pb_exp
321;0;res/ui.xcf?pb_hp
405;0;res/ui.xcf?pb_miss_bgr
443;0;res/ui.xcf?pb_miss_blue
429;0;res/ui.xcf?pb_miss_green
462;0;res/ui.xcf?pb_miss_red
418;0;res/ui.xcf?pb_mp
350;0;res/ui.xcf?pb_skill
381;0;res/ui.xcf?pb_skill_bgr
308;0;res/ui.xcf?pl_info
309;1;res/ui.xcf?pl_info;0,0,2,34,0,0;2,0,2,34,0,0;4,0,2,34,0,0;4,34,2,2,0,0;4,36,2,1,0,0;2,36,2,1,0,0;0,36,2,1,0,0;0,34,2,2,0,0;2,34,2,2,0,0
387;0;res/ui.xcf?pl_info_edge
411;0;res/ui.xcf?portrait_slot
426;0;res/ui.xcf?red_flag
379;0;res/ui.xcf?red_flag-a
327;0;res/ui.xcf?red_flag-f0-d50
427;0;res/ui.xcf?red_flag-f1-d20
413;0;res/ui.xcf?red_flag-f2-d50
306;0;res/ui.xcf?red_flag-f3-d30
441;0;res/ui.xcf?scroll_bgr
366;0;res/ui.xcf?scroll_bottom
348;0;res/ui.xcf?scroll_bottom_2
396;0;res/ui.xcf?scroll_top
437;0;res/ui.xcf?squad_card
351;0;res/ui.xcf?squad_slot
318;0;res/ui.xcf?squad_top_bgr
329;0;res/ui.xcf?storage_slot
344;0;res/ui.xcf?time_bgr
339;0;res/ui.xcf?top_menu
417;0;res/ui.xcf?unit_info_bgr
469;0;res/ui.xcf?unit_stat_bgr
335;0;res/ui.xcf?vscroll_info
416;0;res/ui.xcf?vscroll_info_down
368;0;res/ui.xcf?vscroll_info_down_pr
355;0;res/ui.xcf?vscroll_info_pr
415;0;res/ui.xcf?vscroll_info_up
353;0;res/ui.xcf?vscroll_info_up_pr
35;2;res/fonts/font10x14.xcf
36;2;res/fonts/font3x5.xcf
37;2;res/fonts/font4x6.xcf
38;2;res/fonts/font4x7.xcf
0;0;res/animals/eagle.png
1;1;res/animals/eagle.png;0,0,2,3,1,1;0,0,2,2,1,1;0,0,3,2,1,1;1,0,2,2,0,1;1,0,2,3,0,1;1,1,2,2,0,0;0,1,3,2,1,0;0,1,2,2,1,0;1,1,1,1,0,0
262;0;res/items.xcf?anchor
260;0;res/items.xcf?armor
252;0;res/items.xcf?arrow
261;0;res/items.xcf?background
254;0;res/items.xcf?book
256;0;res/items.xcf?bottle
257;0;res/items.xcf?bow
263;0;res/items.xcf?dead_unit
264;0;res/items.xcf?key
251;0;res/items.xcf?player1
253;0;res/items.xcf?player2
258;0;res/items.xcf?red_potion
250;0;res/items.xcf?shield
259;0;res/items.xcf?sword
255;0;res/items.xcf?torch
62;0;res/icon.png
291;3;res/names.txt
294;3;res/resources.csv
302;0;res/test9.png
303;1;res/test9.png;0,0,1,1,0,0;1,0,3,1,0,0;4,0,1,1,0,0;4,1,1,3,0,0;4,4,1,1,0,0;1,4,3,1,0,0;0,4,1,1,0,0;0,1,1,3,0,0;1,1,3,3,0,0
470;3;res/unit_fnames.tbl
471;3;res/unit_snames.tbl
